input,exit_code,classification,signature
id:000000,0,CLEAN,""
id:000001,0,CLEAN,""
id:000002,0,CLEAN,""
id:000003,0,CLEAN,""
id:000004,1,FAIL,"ERROR [smite::runners] Test case failed: target hung (ping timeout)"
id:000005,0,CLEAN,""
id:000006,0,CLEAN,""
id:000007,0,CLEAN,""
id:000008,0,CLEAN,""
id:000009,0,CLEAN,""
id:000010,0,CLEAN,""
id:000011,0,CLEAN,""
id:000012,0,CLEAN,""
id:000013,0,CLEAN,""
id:000014,0,CLEAN,""
id:000015,0,CLEAN,""
id:000016,0,CLEAN,""
id:000017,0,CLEAN,""
id:000018,0,CLEAN,""
id:000019,0,CLEAN,""
id:000020,0,CLEAN,""
id:000021,0,CLEAN,""
id:000022,0,CLEAN,""
id:000023,0,CLEAN,""
id:000024,0,CLEAN,""
id:000025,0,CLEAN,""
id:000026,0,CLEAN,""
id:000027,0,CLEAN,""
id:000028,0,CLEAN,""
id:000029,0,CLEAN,""
id:000030,0,CLEAN,""
id:000031,0,CLEAN,""
id:000032,0,CLEAN,""
id:000033,0,CLEAN,""
id:000034,0,CLEAN,""
id:000035,0,CLEAN,""
id:000036,0,CLEAN,""
id:000037,0,CLEAN,""
id:000038,0,CLEAN,""
id:000039,0,CLEAN,""
id:000040,0,CLEAN,""
id:000041,0,CLEAN,""
id:000042,0,CLEAN,""
id:000043,0,CLEAN,""
id:000044,0,CLEAN,""
id:000045,0,CLEAN,""
id:000046,0,CLEAN,""
id:000047,0,CLEAN,""
id:000048,0,CLEAN,""
id:000049,0,CLEAN,""
id:000050,0,CLEAN,""
id:000051,0,CLEAN,""
id:000052,0,CLEAN,""
id:000053,0,CLEAN,""
id:000054,0,CLEAN,""
id:000055,0,CLEAN,""
id:000056,0,CLEAN,""
id:000057,0,CLEAN,""
id:000058,0,CLEAN,""
id:000059,0,CLEAN,""
id:000060,0,CLEAN,""
id:000061,0,CLEAN,""
id:000062,0,CLEAN,""
id:000063,0,CLEAN,""
id:000064,0,CLEAN,""
id:000065,0,CLEAN,""
id:000066,0,CLEAN,""
id:000067,0,CLEAN,""
id:000068,0,CLEAN,""
id:000069,0,CLEAN,""
id:000070,0,CLEAN,""
id:000071,0,CLEAN,""
id:000072,0,CLEAN,""
id:000073,0,CLEAN,""
id:000074,0,CLEAN,""
id:000075,0,CLEAN,""
